<?xml version="1.0" encoding="UTF-8"?>
<project-private xmlns="http://www.netbeans.org/ns/project-private/1">
    <editor-bookmarks xmlns="http://www.netbeans.org/ns/editor-bookmarks/2" lastBookmarkId="0"/>
    <open-files xmlns="http://www.netbeans.org/ns/projectui-open-files/2">
        <group>
            <file>file:/C:/Users/Natalia/Documents/NetBeansProjects/apsbd1/Codigo/src/dao/ClientesDAO.java</file>
            <file>file:/C:/Users/Natalia/Documents/NetBeansProjects/apsbd1/Codigo/src/gui/Clientes.java</file>
            <file>file:/C:/Users/Natalia/Documents/NetBeansProjects/apsbd1/Codigo/src/gui/Main.java</file>
            <file>file:/C:/Users/Natalia/Documents/NetBeansProjects/apsbd1/Codigo/src/gui/Livros.java</file>
            <file>file:/C:/Users/Natalia/Documents/NetBeansProjects/apsbd1/Codigo/src/model/Clientes.java</file>
        </group>
    </open-files>
</project-private>
